group,letter,frequency
1,Some,0.34725
1,Body,0.314
1,Once,0.546
1,Told,0.555555555
1,Me,0.9845
2,A,0.111664
2,B,0.12161
2,C,0.20165168
2,D,0.983513465
3,Hello World!,0.31415
